Drone,RouteIndex,LegIndex,OriginName,OriginLongitude_deg,OriginLatitude_deg,OriginAltitude_mWGS84,DestName,DestLongitude_deg,DestLatitude_deg,DestAltitude_mWGS84,StraightLineDist_m,ActualFlownDist_m,DetourRatio,WaypointCount,DepartureSimTime,ArrivalSimTime,LegDuration_simUnits,CruiseSpeed_mps,AvgSpeed_mps,DepartBattery_pct,ArriveBattery_pct,DepartCargo,ArriveCargo,DestReadyTime,DestDueTime,ArrivedOnTime,DistanceUnit,TimeUnit,SpeedUnit,AltitudeUnit,CoordSystem
V05,6,0,Depot,121.550259,29.870000,25.0,C175,121.545597,29.862763,25.0,921.8,949.9,1.030,7,0.00,83.06,83.06,15.0,11.4,100.0,98.8,200,200,262.0,329.0,YES,meters,sim_time_units,m/s,meters_WGS84,WGS84_degrees
V04,7,0,Depot,121.550259,29.870000,25.0,C131,121.552331,29.881760,25.0,1322.9,1356.2,1.025,5,0.00,90.16,90.16,15.0,15.0,100.0,98.7,200,200,80.0,153.0,YES,meters,sim_time_units,m/s,meters_WGS84,WGS84_degrees
V03,8,0,Depot,121.550259,29.870000,25.0,C090,121.543525,29.862310,25.0,1073.6,1115.3,1.039,5,0.00,97.99,97.99,15.0,11.4,100.0,98.5,200,200,641.0,697.0,YES,meters,sim_time_units,m/s,meters_WGS84,WGS84_degrees
V09,2,0,Depot,121.550259,29.870000,25.0,C178,121.561136,29.873619,25.0,1123.3,1171.3,1.043,6,0.00,106.09,106.09,15.0,11.0,100.0,98.4,200,200,88.0,141.0,YES,meters,sim_time_units,m/s,meters_WGS84,WGS84_degrees
V04,7,1,C131,121.552331,29.881760,35.0,C044,121.552331,29.883117,25.0,151.2,160.9,1.064,4,91.47,108.77,17.30,15.0,9.3,98.7,98.4,170,170,176.0,243.0,YES,meters,sim_time_units,m/s,meters_WGS84,WGS84_degrees
V10,1,0,Depot,121.550259,29.870000,25.0,C026,121.566834,29.885379,25.0,2340.6,2385.7,1.019,5,0.00,118.17,118.17,15.0,20.2,100.0,98.2,200,200,201.0,258.0,YES,meters,sim_time_units,m/s,meters_WGS84,WGS84_degrees
V04,7,2,C044,121.552331,29.883117,45.0,C102,121.553367,29.883117,25.0,101.9,109.9,1.079,4,110.28,122.29,12.01,15.0,9.1,98.4,98.3,150,150,273.0,330.0,YES,meters,sim_time_units,m/s,meters_WGS84,WGS84_degrees
V09,2,1,C178,121.561136,29.873619,35.0,C027,121.562172,29.872262,25.0,181.2,191.0,1.054,4,107.43,133.75,26.32,15.0,7.3,98.4,98.1,190,190,178.0,238.0,YES,meters,sim_time_units,m/s,meters_WGS84,WGS84_degrees
V10,1,1,C026,121.566834,29.885379,35.0,C152,121.567352,29.886284,25.0,112.7,122.3,1.085,4,119.48,139.67,20.19,15.0,6.1,98.2,98.0,180,180,296.0,347.0,YES,meters,sim_time_units,m/s,meters_WGS84,WGS84_degrees
V04,7,3,C102,121.553367,29.883117,55.0,C146,121.553885,29.883570,25.0,77.0,100.9,1.311,4,123.66,141.01,17.35,15.0,5.8,98.3,98.1,130,130,356.0,429.0,YES,meters,sim_time_units,m/s,meters_WGS84,WGS84_degrees
V10,1,2,C152,121.567352,29.886284,45.0,C040,121.567870,29.886284,25.0,53.8,59.9,1.114,4,141.01,149.95,8.94,15.0,6.7,98.0,97.9,150,150,390.0,434.0,YES,meters,sim_time_units,m/s,meters_WGS84,WGS84_degrees
V09,2,2,C027,121.562172,29.872262,45.0,C173,121.563208,29.873166,25.0,143.2,151.8,1.060,4,135.41,153.24,17.84,15.0,8.5,98.1,97.9,160,160,278.0,325.0,YES,meters,sim_time_units,m/s,meters_WGS84,WGS84_degrees
V04,7,4,C146,121.553885,29.883570,65.0,C068,121.555439,29.882213,25.0,216.4,223.3,1.032,5,142.39,170.16,27.77,15.0,8.0,98.1,97.8,110,110,457.0,518.0,YES,meters,sim_time_units,m/s,meters_WGS84,WGS84_degrees
V10,1,3,C040,121.567870,29.886284,55.0,C153,121.569424,29.885831,25.0,160.8,168.0,1.045,4,151.56,170.16,18.60,15.0,9.0,97.9,97.7,130,130,472.0,539.0,YES,meters,sim_time_units,m/s,meters_WGS84,WGS84_degrees
V09,2,3,C173,121.563208,29.873166,55.0,C154,121.563726,29.871809,25.0,161.7,168.9,1.044,4,154.87,172.77,17.91,15.0,9.4,97.9,97.6,150,150,351.0,437.0,YES,meters,sim_time_units,m/s,meters_WGS84,WGS84_degrees
V02,9,0,Depot,121.550259,29.870000,25.0,C041,121.570460,29.870452,25.0,1948.5,1994.9,1.024,7,0.00,190.71,190.71,15.0,10.5,100.0,96.8,200,200,95.0,163.0,NO,meters,sim_time_units,m/s,meters_WGS84,WGS84_degrees
V09,2,4,C154,121.563726,29.871809,65.0,C024,121.564762,29.870000,25.0,228.2,234.6,1.028,4,174.19,197.62,23.43,15.0,10.0,97.6,97.3,140,140,467.0,511.0,YES,meters,sim_time_units,m/s,meters_WGS84,WGS84_degrees
V04,7,5,C068,121.555439,29.882213,75.0,C076,121.554403,29.879951,25.0,275.2,280.6,1.020,4,171.49,199.00,27.51,15.0,10.2,97.8,97.4,100,100,555.0,610.0,YES,meters,sim_time_units,m/s,meters_WGS84,WGS84_degrees
V07,4,0,Depot,121.550259,29.870000,25.0,C119,121.528505,29.871809,25.0,2107.2,2127.2,1.009,4,0.00,199.00,199.00,15.0,10.7,100.0,97.0,200,200,188.0,260.0,YES,meters,sim_time_units,m/s,meters_WGS84,WGS84_degrees
V10,1,4,C153,121.569424,29.885831,65.0,C169,121.568388,29.888093,25.0,273.5,280.6,1.026,4,171.49,199.00,27.51,15.0,10.2,97.7,97.3,120,120,567.0,634.0,YES,meters,sim_time_units,m/s,meters_WGS84,WGS84_degrees
V02,9,1,C041,121.570460,29.870452,35.0,C085,121.572013,29.870452,25.0,150.2,159.8,1.064,4,192.11,210.26,18.16,30.0,8.8,96.8,96.5,180,180,193.0,252.0,YES,meters,sim_time_units,m/s,meters_WGS84,WGS84_degrees
V10,1,5,C169,121.568388,29.888093,75.0,C089,121.567352,29.888545,25.0,122.5,121.8,0.995,4,200.44,217.20,16.76,15.0,7.3,97.3,97.1,100,100,668.0,719.0,YES,meters,sim_time_units,m/s,meters_WGS84,WGS84_degrees
V07,4,1,C119,121.528505,29.871809,35.0,C166,121.527987,29.873166,25.0,159.3,168.9,1.061,4,200.44,218.60,18.16,15.0,9.3,97.0,96.8,180,180,284.0,349.0,YES,meters,sim_time_units,m/s,meters_WGS84,WGS84_degrees
V02,9,2,C085,121.572013,29.870452,45.0,C080,121.572531,29.870452,25.0,53.8,59.9,1.114,4,211.71,220.06,8.34,30.0,7.2,96.5,96.3,160,160,286.0,341.0,YES,meters,sim_time_units,m/s,meters_WGS84,WGS84_degrees
V06,5,0,Depot,121.550259,29.870000,25.0,C183,121.532130,29.883117,25.0,2276.6,2308.7,1.014,6,0.00,220.06,220.06,15.0,10.5,100.0,96.7,200,200,976.0,1025.0,YES,meters,sim_time_units,m/s,meters_WGS84,WGS84_degrees
V09,2,5,C024,121.564762,29.870000,75.0,C061,121.562690,29.870000,25.0,205.9,209.8,1.019,4,199.00,221.42,22.42,15.0,9.4,97.3,97.1,130,130,556.0,610.0,YES,meters,sim_time_units,m/s,meters_WGS84,WGS84_degrees
V10,1,6,C089,121.567352,29.888545,85.0,C105,121.566834,29.888093,25.0,92.9,80.9,0.871,4,218.60,228.39,9.78,15.0,8.3,97.1,97.0,80,80,754.0,814.0,YES,meters,sim_time_units,m/s,meters_WGS84,WGS84_degrees
V02,9,3,C080,121.572531,29.870452,55.0,C031,121.572531,29.869548,25.0,105.0,110.6,1.054,4,221.42,233.99,12.57,30.0,8.8,96.3,96.1,150,150,370.0,440.0,YES,meters,sim_time_units,m/s,meters_WGS84,WGS84_degrees
V09,2,6,C061,121.562690,29.870000,85.0,C100,121.562690,29.870905,25.0,117.1,110.6,0.944,4,222.86,235.31,12.45,15.0,8.9,97.1,96.9,110,110,647.0,703.0,YES,meters,sim_time_units,m/s,meters_WGS84,WGS84_degrees
V07,4,2,C166,121.527987,29.873166,45.0,C035,121.526951,29.874523,25.0,182.1,191.0,1.049,4,220.06,240.82,20.76,15.0,9.2,96.8,96.5,170,170,380.0,440.0,YES,meters,sim_time_units,m/s,meters_WGS84,WGS84_degrees
V09,2,7,C100,121.562690,29.870905,95.0,C064,121.562690,29.871357,25.0,86.2,60.3,0.700,4,236.68,245.15,8.47,15.0,7.1,96.9,96.8,90,90,741.0,791.0,YES,meters,sim_time_units,m/s,meters_WGS84,WGS84_degrees
V02,9,4,C031,121.572531,29.869548,65.0,C025,121.572013,29.868643,25.0,119.2,122.3,1.026,4,235.31,249.23,13.92,30.0,8.8,96.1,95.9,130,130,462.0,534.0,YES,meters,sim_time_units,m/s,meters_WGS84,WGS84_degrees
V10,1,7,C105,121.566834,29.888093,95.0,C015,121.565280,29.888998,25.0,193.5,190.4,0.984,4,229.79,250.65,20.86,15.0,9.1,97.0,96.8,70,70,846.0,911.0,YES,meters,sim_time_units,m/s,meters_WGS84,WGS84_degrees
V02,9,5,C025,121.572013,29.868643,75.0,C172,121.571495,29.868191,25.0,86.7,80.9,0.932,4,250.65,260.27,9.62,30.0,8.4,95.9,95.7,120,120,561.0,617.0,YES,meters,sim_time_units,m/s,meters_WGS84,WGS84_degrees
V07,4,3,C035,121.526951,29.874523,55.0,C126,121.528505,29.873619,25.0,182.9,190.5,1.041,4,242.33,262.96,20.63,15.0,9.2,96.5,96.3,150,150,479.0,529.0,YES,meters,sim_time_units,m/s,meters_WGS84,WGS84_degrees
V02,9,6,C172,121.571495,29.868191,85.0,C077,121.570978,29.868191,25.0,78.1,59.9,0.768,4,261.65,269.81,8.15,30.0,7.4,95.7,95.6,100,100,650.0,710.0,YES,meters,sim_time_units,m/s,meters_WGS84,WGS84_degrees
V09,2,8,C064,121.562690,29.871357,105.0,C109,121.559582,29.870905,25.0,314.2,318.6,1.014,5,246.56,276.79,30.23,15.0,10.5,96.8,96.5,80,80,925.0,979.0,YES,meters,sim_time_units,m/s,meters_WGS84,WGS84_degrees
V07,4,4,C126,121.528505,29.873619,65.0,C071,121.529540,29.874071,25.0,118.8,121.8,1.026,4,264.44,278.22,13.78,15.0,8.8,96.3,96.1,140,140,561.0,632.0,YES,meters,sim_time_units,m/s,meters_WGS84,WGS84_degrees
V08,3,0,Depot,121.550259,29.870000,25.0,C188,121.524361,29.855978,25.0,2944.1,2989.0,1.015,6,0.00,278.22,278.22,15.0,10.7,100.0,95.8,200,200,855.0,913.0,YES,meters,sim_time_units,m/s,meters_WGS84,WGS84_degrees
V10,1,8,C015,121.565280,29.888998,105.0,C198,121.566316,29.886736,25.0,282.2,280.6,0.994,4,252.05,279.63,27.58,15.0,10.2,96.8,96.5,50,50,1038.0,1090.0,YES,meters,sim_time_units,m/s,meters_WGS84,WGS84_degrees
V07,4,5,C071,121.529540,29.874071,75.0,C009,121.530576,29.874071,25.0,111.7,109.9,0.984,4,279.63,292.22,12.59,15.0,8.7,96.1,95.9,120,120,655.0,721.0,YES,meters,sim_time_units,m/s,meters_WGS84,WGS84_degrees
V05,6,1,C175,121.545597,29.862763,35.0,C147,121.563726,29.850098,25.0,2245.0,2254.9,1.004,4,84.50,302.00,217.49,15.0,10.4,98.8,95.0,190,190,202.0,262.0,NO,meters,sim_time_units,m/s,meters_WGS84,WGS84_degrees
V07,4,6,C009,121.530576,29.874071,85.0,C001,121.531094,29.873619,25.0,92.9,80.9,0.871,4,293.59,303.40,9.81,15.0,8.2,95.9,95.8,100,100,750.0,809.0,YES,meters,sim_time_units,m/s,meters_WGS84,WGS84_degrees
V07,4,7,C001,121.531094,29.873619,95.0,C099,121.531612,29.874071,25.0,99.6,80.9,0.812,4,304.85,314.34,9.50,15.0,8.5,95.8,95.7,80,80,841.0,902.0,YES,meters,sim_time_units,m/s,meters_WGS84,WGS84_degrees
V05,6,2,C147,121.563726,29.850098,45.0,C160,121.565280,29.850098,25.0,151.2,159.9,1.057,4,303.40,321.16,17.75,30.0,9.0,95.0,94.7,180,180,287.0,363.0,YES,meters,sim_time_units,m/s,meters_WGS84,WGS84_degrees
V07,4,8,C099,121.531612,29.874071,105.0,C053,121.531612,29.875428,25.0,170.8,160.9,0.942,4,315.62,333.68,18.07,15.0,8.9,95.7,95.6,70,70,928.0,1000.0,YES,meters,sim_time_units,m/s,meters_WGS84,WGS84_degrees
V05,6,3,C160,121.565280,29.850098,55.0,C047,121.565280,29.851002,25.0,105.0,110.6,1.054,4,322.54,335.11,12.57,30.0,8.8,94.7,94.5,140,140,392.0,442.0,YES,meters,sim_time_units,m/s,meters_WGS84,WGS84_degrees
V05,6,4,C047,121.565280,29.851002,65.0,C091,121.564762,29.852359,25.0,163.9,168.9,1.031,4,336.50,354.33,17.84,30.0,9.5,94.5,94.2,110,110,480.0,541.0,YES,meters,sim_time_units,m/s,meters_WGS84,WGS84_degrees
V02,9,7,C077,121.570978,29.868191,95.0,C179,121.561136,29.870452,25.0,984.2,991.7,1.008,4,271.23,365.25,94.03,30.0,10.5,95.6,93.9,90,90,829.0,890.0,YES,meters,sim_time_units,m/s,meters_WGS84,WGS84_degrees
V08,3,1,C188,121.524361,29.855978,35.0,C072,121.516073,29.851907,25.0,918.6,928.5,1.011,4,279.63,368.11,88.48,15.0,10.5,95.8,94.6,190,190,693.0,768.0,YES,meters,sim_time_units,m/s,meters_WGS84,WGS84_degrees
V06,5,1,C183,121.532130,29.883117,35.0,C181,121.517109,29.889450,25.0,1610.3,1620.3,1.006,4,221.42,374.20,152.78,15.0,10.6,96.7,94.5,180,180,720.0,768.0,YES,meters,sim_time_units,m/s,meters_WGS84,WGS84_degrees
V05,6,5,C091,121.564762,29.852359,75.0,C070,121.567352,29.853716,25.0,296.1,301.8,1.019,4,355.75,387.07,31.32,30.0,9.6,94.2,93.6,90,90,577.0,636.0,YES,meters,sim_time_units,m/s,meters_WGS84,WGS84_degrees
V01,10,0,Depot,121.550259,29.870000,25.0,C054,121.516073,29.894878,25.0,4302.9,4351.4,1.011,6,0.00,405.07,405.07,15.0,10.7,100.0,93.9,200,200,319.0,398.0,NO,meters,sim_time_units,m/s,meters_WGS84,WGS84_degrees
V09,2,9,C109,121.559582,29.870905,115.0,C067,121.544561,29.863667,25.0,1659.4,1667.0,1.005,4,278.22,434.71,156.49,15.0,10.7,96.5,94.8,50,50,745.0,780.0,YES,meters,sim_time_units,m/s,meters_WGS84,WGS84_degrees
V01,10,1,C054,121.516073,29.894878,35.0,C132,121.514002,29.891259,25.0,449.3,459.2,1.022,4,406.55,450.02,43.47,30.0,10.6,93.9,93.0,170,170,515.0,585.0,YES,meters,sim_time_units,m/s,meters_WGS84,WGS84_degrees
V03,8,1,C090,121.543525,29.862310,35.0,C197,121.581337,29.850550,25.0,3873.8,3883.8,1.003,4,99.51,467.75,368.24,15.0,10.5,98.5,90.8,190,190,229.0,280.0,NO,meters,sim_time_units,m/s,meters_WGS84,WGS84_degrees
V04,7,6,C076,121.554403,29.879951,85.0,C142,121.531094,29.898496,25.0,3050.4,3059.9,1.003,4,200.44,485.13,284.69,15.0,10.7,97.4,94.2,70,70,890.0,941.0,YES,meters,sim_time_units,m/s,meters_WGS84,WGS84_degrees
V03,8,2,C197,121.581337,29.850550,45.0,C124,121.582373,29.849193,25.0,182.1,191.0,1.049,4,469.06,489.14,20.08,30.0,9.5,90.8,90.5,160,160,311.0,384.0,NO,meters,sim_time_units,m/s,meters_WGS84,WGS84_degrees
V01,10,2,C132,121.514002,29.891259,45.0,C007,121.514520,29.887641,25.0,405.9,415.5,1.023,4,451.38,490.45,39.07,30.0,10.6,93.0,92.2,140,140,616.0,680.0,YES,meters,sim_time_units,m/s,meters_WGS84,WGS84_degrees
V04,7,7,C142,121.531094,29.898496,95.0,C111,121.531094,29.897592,25.0,122.6,110.6,0.902,4,486.47,498.72,12.25,15.0,9.0,94.2,94.1,50,50,979.0,1037.0,YES,meters,sim_time_units,m/s,meters_WGS84,WGS84_degrees
V04,7,8,C111,121.531094,29.897592,105.0,C063,121.530576,29.896235,25.0,177.9,168.9,0.949,4,500.04,517.51,17.47,15.0,9.7,94.1,93.9,20,20,1079.0,1123.0,YES,meters,sim_time_units,m/s,meters_WGS84,WGS84_degrees
V02,9,8,C179,121.561136,29.870452,105.0,C013,121.546633,29.860954,25.0,1754.4,1827.3,1.042,6,366.72,533.64,166.92,30.0,10.9,93.9,90.9,70,70,364.0,416.0,NO,meters,sim_time_units,m/s,meters_WGS84,WGS84_degrees
V02,9,9,C013,121.546633,29.860954,115.0,C043,121.545597,29.860049,25.0,167.9,151.8,0.904,4,534.98,551.26,16.28,30.0,9.3,90.9,90.6,60,60,448.0,517.0,NO,meters,sim_time_units,m/s,meters_WGS84,WGS84_degrees
V05,6,6,C070,121.567352,29.853716,85.0,C136,121.582891,29.843765,25.0,1863.8,1872.9,1.005,4,388.53,560.81,172.29,30.0,10.9,93.6,90.6,60,60,797.0,874.0,YES,meters,sim_time_units,m/s,meters_WGS84,WGS84_degrees
V07,4,9,C053,121.531612,29.875428,115.0,C018,121.518145,29.894426,25.0,2481.2,2489.5,1.003,4,335.11,564.84,229.73,15.0,10.8,95.6,91.5,60,60,231.0,298.0,NO,meters,sim_time_units,m/s,meters_WGS84,WGS84_degrees
V02,9,10,C043,121.545597,29.860049,125.0,C002,121.544561,29.861858,25.0,245.9,234.6,0.954,4,552.59,575.63,23.04,30.0,10.2,90.6,90.2,40,40,553.0,602.0,YES,meters,sim_time_units,m/s,meters_WGS84,WGS84_degrees
V03,8,3,C124,121.582373,29.849193,55.0,C094,121.584963,29.839694,25.0,1085.8,1095.4,1.009,4,490.45,592.47,102.02,30.0,10.7,90.5,88.4,150,150,522.0,581.0,NO,meters,sim_time_units,m/s,meters_WGS84,WGS84_degrees
V03,8,4,C094,121.584963,29.839694,65.0,C051,121.584963,29.841051,25.0,156.1,160.9,1.031,4,593.98,611.91,17.93,30.0,9.0,88.4,88.1,130,130,611.0,678.0,YES,meters,sim_time_units,m/s,meters_WGS84,WGS84_degrees
V05,6,7,C136,121.582891,29.843765,95.0,C115,121.584445,29.838337,25.0,625.8,631.9,1.010,4,562.19,622.77,60.58,30.0,10.4,90.6,89.5,50,50,426.0,491.0,NO,meters,sim_time_units,m/s,meters_WGS84,WGS84_degrees
V02,9,11,C002,121.544561,29.861858,135.0,C107,121.547151,29.865929,25.0,528.6,527.0,0.997,4,577.01,628.44,51.42,30.0,10.2,90.2,89.4,20,20,1011.0,1077.0,YES,meters,sim_time_units,m/s,meters_WGS84,WGS84_degrees
V05,6,8,C115,121.584445,29.838337,105.0,C086,121.583927,29.838337,25.0,94.3,60.0,0.636,4,624.26,632.65,8.39,30.0,7.1,89.5,89.4,20,20,331.0,405.0,NO,meters,sim_time_units,m/s,meters_WGS84,WGS84_degrees
V03,8,5,C051,121.584963,29.841051,75.0,C174,121.585998,29.842861,25.0,230.1,234.6,1.020,4,613.24,637.10,23.86,30.0,9.8,88.1,87.7,120,120,723.0,756.0,YES,meters,sim_time_units,m/s,meters_WGS84,WGS84_degrees
V02,9,12,C107,121.547151,29.865929,145.0,Depot,121.550259,29.870000,25.0,556.0,552.9,0.994,4,629.82,683.83,54.01,30.0,10.2,89.4,88.5,0,0,0.0,340282300000000000000000000000000000000.0,YES,meters,sim_time_units,m/s,meters_WGS84,WGS84_degrees
V05,6,9,C086,121.583927,29.838337,115.0,C189,121.581855,29.843313,25.0,595.1,598.2,1.005,4,634.26,693.54,59.28,30.0,10.1,89.4,88.5,10,10,895.0,960.0,YES,meters,sim_time_units,m/s,meters_WGS84,WGS84_degrees
V07,4,10,C018,121.518145,29.894426,125.0,C151,121.532648,29.898044,25.0,1458.2,1464.8,1.005,4,566.19,706.57,140.38,30.0,10.4,91.5,89.1,50,50,509.0,571.0,NO,meters,sim_time_units,m/s,meters_WGS84,WGS84_degrees
V03,8,6,C174,121.585998,29.842861,85.0,C141,121.584445,29.851455,25.0,969.2,977.3,1.008,4,638.47,733.48,95.02,30.0,10.3,87.7,85.9,90,90,406.0,482.0,NO,meters,sim_time_units,m/s,meters_WGS84,WGS84_degrees
V09,2,10,C067,121.544561,29.863667,125.0,C191,121.516073,29.848741,25.0,3211.3,3219.7,1.003,4,436.03,736.33,300.31,15.0,10.7,94.8,89.8,30,30,414.0,491.0,NO,meters,sim_time_units,m/s,meters_WGS84,WGS84_degrees
V07,4,11,C151,121.532648,29.898044,135.0,C187,121.529540,29.899853,25.0,377.3,370.9,0.983,4,707.94,746.29,38.35,30.0,9.7,89.1,88.4,40,40,792.0,850.0,YES,meters,sim_time_units,m/s,meters_WGS84,WGS84_degrees
V03,8,7,C141,121.584445,29.851455,95.0,C069,121.583409,29.852359,25.0,158.1,151.8,0.960,4,734.91,751.84,16.92,30.0,9.0,85.9,85.6,80,80,508.0,566.0,NO,meters,sim_time_units,m/s,meters_WGS84,WGS84_degrees
V06,5,2,C181,121.517109,29.889450,45.0,C120,121.558546,29.884474,25.0,4033.0,4043.0,1.002,4,375.69,751.84,376.15,15.0,10.7,94.5,86.8,160,160,93.0,159.0,NO,meters,sim_time_units,m/s,meters_WGS84,WGS84_degrees
V09,2,11,C191,121.516073,29.848741,135.0,C004,121.516073,29.851002,25.0,274.5,261.5,0.953,4,737.79,764.48,26.69,30.0,9.8,89.8,89.3,20,20,616.0,661.0,NO,meters,sim_time_units,m/s,meters_WGS84,WGS84_degrees
V07,4,12,C187,121.529540,29.899853,145.0,C140,121.531612,29.900758,25.0,253.8,233.6,0.921,4,747.69,771.38,23.69,30.0,9.9,88.4,88.1,30,30,704.0,749.0,NO,meters,sim_time_units,m/s,meters_WGS84,WGS84_degrees
V06,5,3,C120,121.558546,29.884474,55.0,C019,121.558028,29.886284,25.0,209.4,217.3,1.037,4,753.43,775.70,22.27,30.0,9.8,86.8,86.4,150,150,186.0,253.0,NO,meters,sim_time_units,m/s,meters_WGS84,WGS84_degrees
V06,5,4,C019,121.558028,29.886284,65.0,C192,121.559064,29.887188,25.0,147.3,151.7,1.030,4,777.21,794.05,16.84,30.0,9.0,86.4,86.1,130,130,275.0,350.0,NO,meters,sim_time_units,m/s,meters_WGS84,WGS84_degrees
V07,4,13,C140,121.531612,29.900758,155.0,C016,121.532648,29.899401,25.0,222.8,190.9,0.857,4,772.72,794.05,21.33,30.0,9.0,88.1,87.7,10,10,598.0,669.0,NO,meters,sim_time_units,m/s,meters_WGS84,WGS84_degrees
V06,5,5,C192,121.559064,29.887188,75.0,C196,121.561136,29.887188,25.0,205.9,209.7,1.019,4,795.44,818.33,22.88,30.0,9.2,86.1,85.7,110,110,384.0,430.0,NO,meters,sim_time_units,m/s,meters_WGS84,WGS84_degrees
V06,5,6,C196,121.561136,29.887188,85.0,C097,121.561654,29.886736,25.0,92.9,80.9,0.871,4,819.74,829.58,9.83,30.0,8.2,85.7,85.5,100,100,465.0,532.0,NO,meters,sim_time_units,m/s,meters_WGS84,WGS84_degrees
V04,7,9,C063,121.530576,29.896235,115.0,Depot,121.550259,29.870000,25.0,3481.2,3490.1,1.003,4,518.82,846.23,327.41,15.0,10.7,93.9,90.9,0,0,0.0,340282300000000000000000000000000000000.0,YES,meters,sim_time_units,m/s,meters_WGS84,WGS84_degrees
V06,5,7,C097,121.561654,29.886736,95.0,C096,121.562690,29.885831,25.0,158.1,151.8,0.960,4,831.03,847.67,16.64,30.0,9.1,85.5,85.3,70,70,656.0,728.0,NO,meters,sim_time_units,m/s,meters_WGS84,WGS84_degrees
V06,5,8,C096,121.562690,29.885831,105.0,C130,121.562690,29.885379,25.0,94.5,60.3,0.638,4,847.67,857.39,9.72,30.0,6.2,85.3,85.1,60,60,754.0,813.0,NO,meters,sim_time_units,m/s,meters_WGS84,WGS84_degrees
V06,5,9,C130,121.562690,29.885379,115.0,C028,121.560618,29.885379,25.0,219.1,209.7,0.957,4,858.83,881.26,22.43,30.0,9.4,85.1,84.8,50,50,845.0,910.0,YES,meters,sim_time_units,m/s,meters_WGS84,WGS84_degrees
V10,1,9,C198,121.566316,29.886736,115.0,C180,121.514002,29.850550,25.0,6453.2,6462.6,1.001,4,281.04,884.21,603.17,15.0,10.7,96.5,86.2,40,40,241.0,292.0,NO,meters,sim_time_units,m/s,meters_WGS84,WGS84_degrees
V01,10,3,C007,121.514520,29.887641,55.0,C010,121.526433,29.850098,25.0,4329.9,4339.8,1.002,4,491.76,897.87,406.12,30.0,10.7,92.2,84.3,130,130,219.0,271.0,NO,meters,sim_time_units,m/s,meters_WGS84,WGS84_degrees
V06,5,10,C028,121.560618,29.885379,125.0,C074,121.560618,29.884022,25.0,181.0,160.9,0.889,4,882.66,900.47,17.80,30.0,9.0,84.8,84.5,30,30,933.0,1008.0,YES,meters,sim_time_units,m/s,meters_WGS84,WGS84_degrees
V10,1,10,C180,121.514002,29.850550,125.0,C084,121.514520,29.849193,25.0,187.8,168.9,0.900,4,885.67,903.21,17.54,30.0,9.6,86.2,85.9,10,10,333.0,385.0,NO,meters,sim_time_units,m/s,meters_WGS84,WGS84_degrees
V01,10,4,C010,121.526433,29.850098,65.0,C193,121.524879,29.850098,25.0,155.1,159.9,1.031,4,899.17,916.99,17.82,30.0,9.0,84.3,83.9,110,110,311.0,365.0,NO,meters,sim_time_units,m/s,meters_WGS84,WGS84_degrees
V01,10,5,C193,121.524879,29.850098,75.0,C046,121.524879,29.849645,25.0,70.9,60.3,0.850,4,918.44,926.54,8.10,30.0,7.4,83.9,83.8,90,90,405.0,453.0,NO,meters,sim_time_units,m/s,meters_WGS84,WGS84_degrees
V06,5,11,C074,121.560618,29.884022,135.0,C149,121.561136,29.881308,25.0,325.1,315.9,0.972,4,901.86,933.72,31.86,30.0,9.9,84.5,84.0,20,20,1036.0,1097.0,YES,meters,sim_time_units,m/s,meters_WGS84,WGS84_degrees
V01,10,6,C046,121.524879,29.849645,85.0,C128,121.525397,29.848288,25.0,169.9,168.9,0.994,4,928.10,946.44,18.34,30.0,9.2,83.8,83.5,70,70,494.0,550.0,NO,meters,sim_time_units,m/s,meters_WGS84,WGS84_degrees
V03,8,8,C069,121.583409,29.852359,105.0,C110,121.569424,29.866834,25.0,2101.3,2109.8,1.004,4,753.43,953.54,200.11,30.0,10.5,85.6,82.1,60,60,748.0,800.0,NO,meters,sim_time_units,m/s,meters_WGS84,WGS84_degrees
V01,10,7,C128,121.525397,29.848288,95.0,C106,121.526433,29.849193,25.0,158.1,151.8,0.960,4,947.79,964.57,16.78,30.0,9.0,83.5,83.2,60,60,583.0,647.0,NO,meters,sim_time_units,m/s,meters_WGS84,WGS84_degrees
V02,11,0,Depot,121.550259,29.870000,155.0,C083,121.522807,29.857787,25.0,2978.0,2989.4,1.004,5,683.83,967.30,283.47,15.0,10.5,88.5,83.9,10,10,205.0,279.0,NO,meters,sim_time_units,m/s,meters_WGS84,WGS84_degrees
V03,8,9,C110,121.569424,29.866834,115.0,C162,121.566834,29.865477,25.0,305.3,301.8,0.988,4,954.96,985.88,30.93,30.0,9.8,82.1,81.6,30,30,840.0,900.0,NO,meters,sim_time_units,m/s,meters_WGS84,WGS84_degrees
V01,10,8,C106,121.526433,29.849193,105.0,C167,121.529540,29.849193,25.0,310.2,309.7,0.998,4,965.94,998.58,32.64,30.0,9.5,83.2,82.7,50,50,673.0,748.0,NO,meters,sim_time_units,m/s,meters_WGS84,WGS84_degrees
V01,10,9,C167,121.529540,29.849193,115.0,C034,121.529540,29.850550,25.0,175.7,160.9,0.916,4,1000.01,1018.49,18.48,30.0,8.7,82.7,82.4,30,30,772.0,835.0,NO,meters,sim_time_units,m/s,meters_WGS84,WGS84_degrees
V01,10,10,C034,121.529540,29.850550,125.0,C095,121.529022,29.851002,25.0,122.6,80.9,0.660,4,1019.89,1029.65,9.76,30.0,8.3,82.4,82.3,20,20,865.0,925.0,NO,meters,sim_time_units,m/s,meters_WGS84,WGS84_degrees
V08,3,2,C072,121.516073,29.851907,45.0,C050,121.576675,29.888998,25.0,7152.3,7162.3,1.001,4,369.88,1038.25,668.37,15.0,10.7,94.6,81.1,150,150,221.0,277.0,NO,meters,sim_time_units,m/s,meters_WGS84,WGS84_degrees
V08,3,3,C050,121.576675,29.888998,55.0,C156,121.577193,29.889450,25.0,77.0,80.9,1.051,4,1039.69,1049.48,9.79,30.0,8.3,81.1,80.9,130,130,307.0,374.0,NO,meters,sim_time_units,m/s,meters_WGS84,WGS84_degrees
V09,2,12,C004,121.516073,29.851002,145.0,C017,121.543525,29.865024,25.0,3074.7,3082.4,1.002,4,765.89,1057.65,291.76,30.0,10.6,89.3,84.6,10,10,824.0,890.0,NO,meters,sim_time_units,m/s,meters_WGS84,WGS84_degrees
V08,3,4,C156,121.577193,29.889450,65.0,C112,121.577711,29.888998,25.0,81.4,80.9,0.994,4,1050.98,1060.49,9.51,30.0,8.5,80.9,80.7,110,110,405.0,459.0,NO,meters,sim_time_units,m/s,meters_WGS84,WGS84_degrees
V08,3,5,C112,121.577711,29.888998,75.0,C168,121.579265,29.888998,25.0,157.9,159.8,1.012,4,1061.98,1079.94,17.96,30.0,8.9,80.7,80.4,90,90,507.0,543.0,NO,meters,sim_time_units,m/s,meters_WGS84,WGS84_degrees
V08,3,6,C168,121.579265,29.888998,85.0,C079,121.579783,29.888998,25.0,78.1,59.9,0.768,4,1081.31,1089.90,8.59,30.0,7.0,80.4,80.3,80,80,595.0,636.0,NO,meters,sim_time_units,m/s,meters_WGS84,WGS84_degrees
V06,5,12,C149,121.561136,29.881308,145.0,Depot,121.550259,29.870000,25.0,1641.8,1647.4,1.003,4,935.07,1092.59,157.52,30.0,10.5,84.0,81.5,0,0,0.0,340282300000000000000000000000000000000.0,YES,meters,sim_time_units,m/s,meters_WGS84,WGS84_degrees
V05,6,10,C189,121.581855,29.843313,125.0,Depot,121.550259,29.870000,25.0,4254.4,4263.2,1.002,4,695.07,1099.50,404.42,30.0,10.5,88.5,82.0,0,0,0.0,340282300000000000000000000000000000000.0,YES,meters,sim_time_units,m/s,meters_WGS84,WGS84_degrees
V08,3,7,C079,121.579783,29.888998,95.0,C029,121.579783,29.887188,25.0,213.0,211.2,0.991,4,1091.26,1115.18,23.91,30.0,8.8,80.3,79.9,60,60,677.0,743.0,NO,meters,sim_time_units,m/s,meters_WGS84,WGS84_degrees
V08,3,8,C029,121.579783,29.887188,105.0,C087,121.578747,29.887188,25.0,128.0,109.9,0.859,4,1116.71,1129.50,12.79,30.0,8.6,79.9,79.7,50,50,778.0,825.0,NO,meters,sim_time_units,m/s,meters_WGS84,WGS84_degrees
V09,2,13,C017,121.543525,29.865024,155.0,Depot,121.550259,29.870000,25.0,862.9,863.0,1.000,4,1059.00,1143.66,84.66,30.0,10.2,84.6,83.2,0,0,0.0,340282300000000000000000000000000000000.0,YES,meters,sim_time_units,m/s,meters_WGS84,WGS84_degrees
V04,12,0,Depot,121.550259,29.870000,125.0,C143,121.522289,29.855978,25.0,3117.0,3135.9,1.006,6,846.23,1146.85,300.62,15.0,10.4,90.9,85.9,20,20,314.0,358.0,NO,meters,sim_time_units,m/s,meters_WGS84,WGS84_degrees
V07,4,14,C016,121.532648,29.899401,165.0,Depot,121.550259,29.870000,25.0,3686.5,3693.8,1.002,4,795.44,1146.85,351.41,30.0,10.5,87.7,82.1,0,0,0.0,340282300000000000000000000000000000000.0,YES,meters,sim_time_units,m/s,meters_WGS84,WGS84_degrees
V03,8,10,C162,121.566834,29.865477,125.0,Depot,121.550259,29.870000,25.0,1678.5,1685.5,1.004,4,987.24,1150.38,163.15,30.0,10.3,81.6,79.0,0,0,0.0,340282300000000000000000000000000000000.0,YES,meters,sim_time_units,m/s,meters_WGS84,WGS84_degrees
V08,3,9,C087,121.578747,29.887188,115.0,C042,121.576675,29.888093,25.0,241.1,233.6,0.969,4,1130.83,1157.14,26.31,30.0,8.9,79.7,79.3,30,30,870.0,923.0,NO,meters,sim_time_units,m/s,meters_WGS84,WGS84_degrees
V01,10,11,C095,121.529022,29.851002,135.0,C155,121.546633,29.864120,25.0,2241.4,2248.7,1.003,4,1031.14,1247.88,216.74,30.0,10.4,82.3,78.7,10,10,79.0,140.0,NO,meters,sim_time_units,m/s,meters_WGS84,WGS84_degrees
V02,11,1,C083,121.522807,29.857787,165.0,Depot,121.550259,29.870000,25.0,2978.5,2987.7,1.003,5,968.72,1254.62,285.90,30.0,10.5,83.9,79.3,0,0,0.0,340282300000000000000000000000000000000.0,YES,meters,sim_time_units,m/s,meters_WGS84,WGS84_degrees
V10,1,11,C084,121.514520,29.849193,135.0,Depot,121.550259,29.870000,25.0,4152.5,4161.0,1.002,4,904.58,1300.04,395.46,30.0,10.5,85.9,79.6,0,0,0.0,340282300000000000000000000000000000000.0,YES,meters,sim_time_units,m/s,meters_WGS84,WGS84_degrees
V01,10,12,C155,121.546633,29.864120,145.0,Depot,121.550259,29.870000,25.0,751.1,751.5,1.000,4,1249.23,1322.42,73.19,30.0,10.3,78.7,77.6,0,0,0.0,340282300000000000000000000000000000000.0,YES,meters,sim_time_units,m/s,meters_WGS84,WGS84_degrees
V06,13,0,Depot,121.550259,29.870000,155.0,C176,121.522289,29.855526,25.0,3143.6,3151.9,1.003,5,1092.59,1391.58,298.99,15.0,10.5,81.5,76.5,20,20,387.0,466.0,NO,meters,sim_time_units,m/s,meters_WGS84,WGS84_degrees
V07,16,0,Depot,121.550259,29.870000,175.0,C108,121.525397,29.855526,25.0,2891.5,2897.6,1.002,4,1146.85,1421.20,274.34,15.0,10.6,82.1,77.6,20,20,950.0,1003.0,NO,meters,sim_time_units,m/s,meters_WGS84,WGS84_degrees
V09,15,0,Depot,121.550259,29.870000,165.0,C121,121.523843,29.855073,25.0,3043.6,3050.3,1.002,4,1143.66,1432.83,289.17,15.0,10.5,83.2,78.5,20,20,665.0,738.0,NO,meters,sim_time_units,m/s,meters_WGS84,WGS84_degrees
V04,12,1,C143,121.522289,29.855978,135.0,Depot,121.550259,29.870000,25.0,3117.3,3126.4,1.003,5,1148.63,1445.88,297.24,30.0,10.5,85.9,81.1,0,0,0.0,340282300000000000000000000000000000000.0,YES,meters,sim_time_units,m/s,meters_WGS84,WGS84_degrees
V08,3,10,C042,121.576675,29.888093,125.0,Depot,121.550259,29.870000,25.0,3247.2,3255.7,1.003,4,1158.73,1466.22,307.49,30.0,10.6,79.3,74.3,0,0,0.0,340282300000000000000000000000000000000.0,YES,meters,sim_time_units,m/s,meters_WGS84,WGS84_degrees
V05,14,0,Depot,121.550259,29.870000,135.0,C125,121.517109,29.849645,25.0,3918.4,3926.9,1.002,4,1099.50,1473.94,374.45,15.0,10.5,82.0,75.9,10,10,516.0,574.0,NO,meters,sim_time_units,m/s,meters_WGS84,WGS84_degrees
V03,17,0,Depot,121.550259,29.870000,135.0,C182,121.575639,29.901210,25.0,4247.7,4256.3,1.002,4,1150.38,1553.87,403.48,15.0,10.5,79.0,72.3,20,20,234.0,298.0,NO,meters,sim_time_units,m/s,meters_WGS84,WGS84_degrees
V02,18,0,Depot,121.550259,29.870000,175.0,C163,121.576157,29.899853,25.0,4156.4,4163.7,1.002,4,1254.62,1648.60,393.99,15.0,10.6,79.3,72.9,10,10,417.0,482.0,NO,meters,sim_time_units,m/s,meters_WGS84,WGS84_degrees
V10,19,0,Depot,121.550259,29.870000,145.0,C194,121.576675,29.898949,25.0,4106.4,4114.6,1.002,4,1300.04,1688.34,388.30,15.0,10.6,79.6,73.1,20,20,517.0,567.0,NO,meters,sim_time_units,m/s,meters_WGS84,WGS84_degrees
V06,13,1,C176,121.522289,29.855526,165.0,Depot,121.550259,29.870000,25.0,3144.0,3151.9,1.003,5,1392.97,1692.58,299.61,30.0,10.5,76.5,71.7,0,0,0.0,340282300000000000000000000000000000000.0,YES,meters,sim_time_units,m/s,meters_WGS84,WGS84_degrees
V07,16,1,C108,121.525397,29.855526,185.0,Depot,121.550259,29.870000,25.0,2892.0,2897.6,1.002,4,1422.64,1698.43,275.79,30.0,10.5,77.6,73.1,0,0,0.0,340282300000000000000000000000000000000.0,YES,meters,sim_time_units,m/s,meters_WGS84,WGS84_degrees
V01,20,0,Depot,121.550259,29.870000,155.0,C145,121.577193,29.897592,25.0,4021.6,4029.5,1.002,4,1322.42,1703.13,380.70,15.0,10.6,77.6,71.3,20,20,608.0,661.0,NO,meters,sim_time_units,m/s,meters_WGS84,WGS84_degrees
V09,15,1,C121,121.523843,29.855073,175.0,Depot,121.550259,29.870000,25.0,3044.0,3050.3,1.002,4,1434.29,1724.44,290.15,30.0,10.5,78.5,73.8,0,0,0.0,340282300000000000000000000000000000000.0,YES,meters,sim_time_units,m/s,meters_WGS84,WGS84_degrees
V08,22,0,Depot,121.550259,29.870000,135.0,C123,121.575121,29.887188,25.0,3067.7,3075.8,1.003,4,1466.22,1758.82,292.60,15.0,10.5,74.3,69.6,10,10,972.0,1008.0,NO,meters,sim_time_units,m/s,meters_WGS84,WGS84_degrees
V04,21,0,Depot,121.550259,29.870000,145.0,C195,121.575639,29.897139,25.0,3887.0,3895.1,1.002,4,1445.88,1812.34,366.46,15.0,10.6,81.1,75.0,20,20,692.0,765.0,NO,meters,sim_time_units,m/s,meters_WGS84,WGS84_degrees
V05,14,1,C125,121.517109,29.849645,145.0,Depot,121.550259,29.870000,25.0,3918.7,3926.9,1.002,4,1475.43,1845.51,370.08,30.0,10.6,75.9,69.9,0,0,0.0,340282300000000000000000000000000000000.0,YES,meters,sim_time_units,m/s,meters_WGS84,WGS84_degrees
V03,17,1,C182,121.575639,29.901210,145.0,Depot,121.550259,29.870000,25.0,4248.0,4256.3,1.002,4,1555.27,1955.54,400.28,30.0,10.6,72.3,65.9,0,0,0.0,340282300000000000000000000000000000000.0,YES,meters,sim_time_units,m/s,meters_WGS84,WGS84_degrees
V02,18,1,C163,121.576157,29.899853,185.0,Depot,121.550259,29.870000,25.0,4156.8,4163.7,1.002,4,1649.98,2044.41,394.43,30.0,10.6,72.9,66.6,0,0,0.0,340282300000000000000000000000000000000.0,YES,meters,sim_time_units,m/s,meters_WGS84,WGS84_degrees
V08,22,1,C123,121.575121,29.887188,145.0,Depot,121.550259,29.870000,25.0,3068.1,3075.8,1.002,4,1760.23,2052.81,292.59,30.0,10.5,69.6,64.9,0,0,0.0,340282300000000000000000000000000000000.0,YES,meters,sim_time_units,m/s,meters_WGS84,WGS84_degrees
V05,26,0,Depot,121.550259,29.870000,155.0,C138,121.532648,29.885831,25.0,2449.3,2455.8,1.003,4,1845.51,2080.63,235.12,15.0,10.4,69.9,66.1,20,20,776.0,852.0,NO,meters,sim_time_units,m/s,meters_WGS84,WGS84_degrees
V10,19,1,C194,121.576675,29.898949,155.0,Depot,121.550259,29.870000,25.0,4106.7,4114.6,1.002,4,1689.78,2080.63,390.86,30.0,10.5,73.1,66.8,0,0,0.0,340282300000000000000000000000000000000.0,YES,meters,sim_time_units,m/s,meters_WGS84,WGS84_degrees
V01,20,1,C145,121.577193,29.897592,165.0,Depot,121.550259,29.870000,25.0,4021.9,4029.5,1.002,4,1704.60,2086.51,381.92,30.0,10.6,71.3,65.1,0,0,0.0,340282300000000000000000000000000000000.0,YES,meters,sim_time_units,m/s,meters_WGS84,WGS84_degrees
V06,23,0,Depot,121.550259,29.870000,175.0,C008,121.517109,29.899401,25.0,4574.3,4581.9,1.002,4,1692.58,2127.46,434.87,15.0,10.5,71.7,64.2,40,40,351.0,386.0,NO,meters,sim_time_units,m/s,meters_WGS84,WGS84_degrees
V07,24,0,Depot,121.550259,29.870000,195.0,C186,121.515555,29.899401,25.0,4680.9,4687.8,1.001,4,1698.43,2142.88,444.45,15.0,10.5,73.1,65.8,20,20,433.0,491.0,NO,meters,sim_time_units,m/s,meters_WGS84,WGS84_degrees
V09,25,0,Depot,121.550259,29.870000,185.0,C127,121.515037,29.898044,25.0,4613.1,4620.3,1.002,4,1724.44,2162.71,438.27,15.0,10.5,73.8,66.7,10,10,526.0,584.0,NO,meters,sim_time_units,m/s,meters_WGS84,WGS84_degrees
V04,21,1,C195,121.575639,29.897139,155.0,Depot,121.550259,29.870000,25.0,3887.3,3895.1,1.002,4,1813.73,2185.51,371.78,30.0,10.5,75.0,69.1,0,0,0.0,340282300000000000000000000000000000000.0,YES,meters,sim_time_units,m/s,meters_WGS84,WGS84_degrees
V03,27,0,Depot,121.550259,29.870000,155.0,C036,121.522807,29.855073,25.0,3127.2,3134.6,1.002,5,1955.54,2257.62,302.07,15.0,10.4,65.9,60.8,30,30,493.0,544.0,NO,meters,sim_time_units,m/s,meters_WGS84,WGS84_degrees
V01,31,0,Depot,121.550259,29.870000,175.0,C048,121.566316,29.881760,25.0,2032.1,2036.6,1.002,4,2086.51,2280.47,193.96,15.0,10.5,65.1,62.0,10,10,101.0,160.0,NO,meters,sim_time_units,m/s,meters_WGS84,WGS84_degrees
V05,26,1,C138,121.532648,29.885831,165.0,Depot,121.550259,29.870000,25.0,2449.8,2455.8,1.002,4,2082.02,2313.09,231.07,30.0,10.6,66.1,62.4,0,0,0.0,340282300000000000000000000000000000000.0,YES,meters,sim_time_units,m/s,meters_WGS84,WGS84_degrees
V02,28,0,Depot,121.550259,29.870000,195.0,C033,121.523325,29.855526,25.0,3060.2,3065.5,1.002,4,2044.41,2332.72,288.31,15.0,10.6,66.6,61.7,30,30,582.0,638.0,NO,meters,sim_time_units,m/s,meters_WGS84,WGS84_degrees
V08,29,0,Depot,121.550259,29.870000,155.0,C165,121.523843,29.855978,25.0,2989.4,2996.8,1.002,5,2052.81,2339.62,286.81,15.0,10.4,64.9,60.2,10,10,764.0,823.0,NO,meters,sim_time_units,m/s,meters_WGS84,WGS84_degrees
V10,30,0,Depot,121.550259,29.870000,165.0,C158,121.529540,29.852359,25.0,2803.4,2809.9,1.002,4,2080.63,2346.50,265.87,15.0,10.6,66.8,62.5,20,20,960.0,1016.0,NO,meters,sim_time_units,m/s,meters_WGS84,WGS84_degrees
V01,31,1,C048,121.566316,29.881760,185.0,Depot,121.550259,29.870000,25.0,2032.9,2036.6,1.002,4,2281.90,2473.87,191.97,30.0,10.6,62.0,58.9,0,0,0.0,340282300000000000000000000000000000000.0,YES,meters,sim_time_units,m/s,meters_WGS84,WGS84_degrees
V03,27,1,C036,121.522807,29.855073,165.0,Depot,121.550259,29.870000,25.0,3127.7,3135.4,1.002,5,2258.95,2550.54,291.59,30.0,10.8,60.8,56.1,0,0,0.0,340282300000000000000000000000000000000.0,YES,meters,sim_time_units,m/s,meters_WGS84,WGS84_degrees
V06,23,1,C008,121.517109,29.899401,185.0,Depot,121.550259,29.870000,25.0,4574.7,4581.9,1.002,4,2128.84,2556.28,427.44,30.0,10.7,64.2,57.4,0,0,0.0,340282300000000000000000000000000000000.0,YES,meters,sim_time_units,m/s,meters_WGS84,WGS84_degrees
V04,32,0,Depot,121.550259,29.870000,165.0,C075,121.575639,29.899853,25.0,4126.3,4133.9,1.002,4,2185.51,2570.65,385.14,15.0,10.7,69.1,62.6,30,30,334.0,384.0,NO,meters,sim_time_units,m/s,meters_WGS84,WGS84_degrees
V07,24,1,C186,121.515555,29.899401,205.0,Depot,121.550259,29.870000,25.0,4681.3,4687.8,1.001,4,2144.38,2581.76,437.38,30.0,10.7,65.8,58.7,0,0,0.0,340282300000000000000000000000000000000.0,YES,meters,sim_time_units,m/s,meters_WGS84,WGS84_degrees
V09,25,1,C127,121.515037,29.898044,195.0,Depot,121.550259,29.870000,25.0,4613.4,4620.3,1.001,4,2164.11,2595.81,431.70,30.0,10.7,66.7,59.7,0,0,0.0,340282300000000000000000000000000000000.0,YES,meters,sim_time_units,m/s,meters_WGS84,WGS84_degrees
V10,30,1,C158,121.529540,29.852359,175.0,Depot,121.550259,29.870000,25.0,2803.9,2809.9,1.002,4,2348.14,2610.03,261.88,30.0,10.7,62.5,58.3,0,0,0.0,340282300000000000000000000000000000000.0,YES,meters,sim_time_units,m/s,meters_WGS84,WGS84_degrees
V02,28,1,C033,121.523325,29.855526,205.0,Depot,121.550259,29.870000,25.0,3060.8,3065.5,1.002,4,2334.08,2621.41,287.33,30.0,10.7,61.7,57.1,0,0,0.0,340282300000000000000000000000000000000.0,YES,meters,sim_time_units,m/s,meters_WGS84,WGS84_degrees
V08,29,1,C165,121.523843,29.855978,165.0,Depot,121.550259,29.870000,25.0,2989.9,3008.1,1.006,5,2341.04,2621.41,280.37,30.0,10.7,60.2,55.7,0,0,0.0,340282300000000000000000000000000000000.0,YES,meters,sim_time_units,m/s,meters_WGS84,WGS84_degrees
V05,33,0,Depot,121.550259,29.870000,175.0,C052,121.575121,29.897592,25.0,3896.3,3903.4,1.002,4,2313.09,2677.49,364.41,15.0,10.7,62.4,56.3,20,20,782.0,857.0,NO,meters,sim_time_units,m/s,meters_WGS84,WGS84_degrees
V03,35,0,Depot,121.550259,29.870000,175.0,C144,121.530576,29.873166,25.0,1936.0,1940.2,1.002,4,2550.54,2731.91,181.37,15.0,10.7,56.1,53.1,20,20,100.0,157.0,NO,meters,sim_time_units,m/s,meters_WGS84,WGS84_degrees
V06,36,0,Depot,121.550259,29.870000,195.0,C184,121.530058,29.888998,25.0,2878.3,2883.3,1.002,4,2556.28,2821.03,264.75,15.0,10.9,57.4,53.0,20,20,401.0,481.0,NO,meters,sim_time_units,m/s,meters_WGS84,WGS84_degrees
V07,37,0,Depot,121.550259,29.870000,215.0,C199,121.531612,29.887188,25.0,2630.8,2633.9,1.001,4,2581.76,2822.31,240.56,15.0,10.9,58.7,54.8,10,10,506.0,566.0,NO,meters,sim_time_units,m/s,meters_WGS84,WGS84_degrees
V01,34,0,Depot,121.550259,29.870000,195.0,C092,121.574085,29.898044,25.0,3876.8,3883.1,1.002,4,2473.87,2828.82,354.95,15.0,10.9,58.9,53.1,10,10,870.0,953.0,NO,meters,sim_time_units,m/s,meters_WGS84,WGS84_degrees
V09,38,0,Depot,121.550259,29.870000,205.0,C037,121.530576,29.886284,25.0,2629.1,2632.9,1.001,4,2595.81,2835.51,239.71,15.0,11.0,59.7,55.8,10,10,602.0,657.0,NO,meters,sim_time_units,m/s,meters_WGS84,WGS84_degrees
V10,39,0,Depot,121.550259,29.870000,185.0,C081,121.531612,29.885379,25.0,2486.4,2491.2,1.002,4,2610.03,2837.04,227.01,15.0,11.0,58.3,54.6,10,10,683.0,760.0,NO,meters,sim_time_units,m/s,meters_WGS84,WGS84_degrees
V08,40,0,Depot,121.550259,29.870000,175.0,C137,121.532130,29.884474,25.0,2380.8,2386.0,1.002,4,2621.41,2838.48,217.07,15.0,11.0,55.7,52.2,10,10,877.0,938.0,NO,meters,sim_time_units,m/s,meters_WGS84,WGS84_degrees
V02,41,0,Depot,121.550259,29.870000,215.0,C135,121.528505,29.886736,25.0,2810.5,2814.0,1.001,4,2621.41,2875.91,254.50,15.0,11.1,57.1,52.9,20,20,206.0,275.0,NO,meters,sim_time_units,m/s,meters_WGS84,WGS84_degrees
V03,35,1,C144,121.530576,29.873166,185.0,Depot,121.550259,29.870000,25.0,1936.8,1940.2,1.002,4,2733.26,2909.12,175.85,30.0,11.0,53.1,50.3,0,0,0.0,340282300000000000000000000000000000000.0,YES,meters,sim_time_units,m/s,meters_WGS84,WGS84_degrees
V04,32,1,C075,121.575639,29.899853,175.0,Depot,121.550259,29.870000,25.0,4126.6,4133.9,1.002,4,2572.07,2949.34,377.27,30.0,11.0,62.6,56.5,0,0,0.0,340282300000000000000000000000000000000.0,YES,meters,sim_time_units,m/s,meters_WGS84,WGS84_degrees
V05,33,1,C052,121.575121,29.897592,185.0,Depot,121.550259,29.870000,25.0,3896.7,3903.4,1.002,4,2678.90,3032.75,353.86,30.0,11.0,56.3,50.6,0,0,0.0,340282300000000000000000000000000000000.0,YES,meters,sim_time_units,m/s,meters_WGS84,WGS84_degrees
V08,40,1,C137,121.532130,29.884474,185.0,Depot,121.550259,29.870000,25.0,2381.4,2386.0,1.002,4,2839.93,3058.97,219.04,30.0,10.9,52.2,48.7,0,0,0.0,340282300000000000000000000000000000000.0,YES,meters,sim_time_units,m/s,meters_WGS84,WGS84_degrees
V07,37,1,C199,121.531612,29.887188,225.0,Depot,121.550259,29.870000,25.0,2631.6,2633.9,1.001,4,2823.58,3064.86,241.28,30.0,10.9,54.8,51.0,0,0,0.0,340282300000000000000000000000000000000.0,YES,meters,sim_time_units,m/s,meters_WGS84,WGS84_degrees
V10,39,1,C081,121.531612,29.885379,195.0,Depot,121.550259,29.870000,25.0,2487.1,2491.2,1.002,4,2838.48,3067.95,229.47,30.0,10.9,54.6,50.9,0,0,0.0,340282300000000000000000000000000000000.0,YES,meters,sim_time_units,m/s,meters_WGS84,WGS84_degrees
V09,38,1,C037,121.530576,29.886284,215.0,Depot,121.550259,29.870000,25.0,2629.8,2632.9,1.001,4,2837.04,3079.65,242.61,30.0,10.9,55.8,51.9,0,0,0.0,340282300000000000000000000000000000000.0,YES,meters,sim_time_units,m/s,meters_WGS84,WGS84_degrees
V06,36,1,C184,121.530058,29.888998,205.0,Depot,121.550259,29.870000,25.0,2878.9,2883.3,1.002,4,2822.31,3088.40,266.08,30.0,10.8,53.0,48.7,0,0,0.0,340282300000000000000000000000000000000.0,YES,meters,sim_time_units,m/s,meters_WGS84,WGS84_degrees
V02,41,1,C135,121.528505,29.886736,225.0,Depot,121.550259,29.870000,25.0,2811.1,2814.0,1.001,4,2877.24,3139.53,262.29,30.0,10.7,52.9,48.7,0,0,0.0,340282300000000000000000000000000000000.0,YES,meters,sim_time_units,m/s,meters_WGS84,WGS84_degrees
V01,34,1,C092,121.574085,29.898044,205.0,Depot,121.550259,29.870000,25.0,3877.3,3883.1,1.002,4,2830.12,3189.27,359.15,30.0,10.8,53.1,47.4,0,0,0.0,340282300000000000000000000000000000000.0,YES,meters,sim_time_units,m/s,meters_WGS84,WGS84_degrees
V03,42,0,Depot,121.550259,29.870000,195.0,C058,121.524879,29.890355,25.0,3337.6,3343.2,1.002,4,2909.12,3221.23,312.12,15.0,10.7,50.3,45.2,10,10,306.0,376.0,NO,meters,sim_time_units,m/s,meters_WGS84,WGS84_degrees
V02,50,0,Depot,121.550259,29.870000,235.0,C045,121.560100,29.871357,25.0,983.5,970.8,0.987,4,3139.53,3232.40,92.87,15.0,10.5,48.7,47.2,10,10,19.0,94.0,NO,meters,sim_time_units,m/s,meters_WGS84,WGS84_degrees
V02,50,1,C045,121.560100,29.871357,245.0,Depot,121.550259,29.870000,25.0,985.7,970.8,0.985,4,3233.90,3323.88,89.98,30.0,10.8,47.2,45.8,0,0,0.0,340282300000000000000000000000000000000.0,YES,meters,sim_time_units,m/s,meters_WGS84,WGS84_degrees
V04,43,0,Depot,121.550259,29.870000,185.0,C185,121.516591,29.892164,25.0,4078.7,4085.6,1.002,4,2949.34,3326.71,377.38,15.0,10.8,56.5,50.3,20,20,425.0,484.0,NO,meters,sim_time_units,m/s,meters_WGS84,WGS84_degrees
V06,49,0,Depot,121.550259,29.870000,215.0,C056,121.532130,29.893973,25.0,3193.3,3197.6,1.001,4,3088.40,3383.18,294.79,15.0,10.8,48.7,43.9,20,20,1130.0,1198.0,NO,meters,sim_time_units,m/s,meters_WGS84,WGS84_degrees
V05,44,0,Depot,121.550259,29.870000,195.0,C117,121.517627,29.890355,25.0,3879.4,3885.7,1.002,4,3032.75,3392.70,359.94,15.0,10.8,50.6,44.8,10,10,801.0,872.0,NO,meters,sim_time_units,m/s,meters_WGS84,WGS84_degrees
V01,51,0,Depot,121.550259,29.870000,215.0,C014,121.565798,29.886284,25.0,2357.8,2360.1,1.001,4,3189.27,3404.56,215.29,15.0,11.0,47.4,43.9,10,10,567.0,626.0,NO,meters,sim_time_units,m/s,meters_WGS84,WGS84_degrees
V08,45,0,Depot,121.550259,29.870000,195.0,C049,121.518663,29.889902,25.0,3769.1,3775.3,1.002,4,3058.97,3408.58,349.62,15.0,10.8,48.7,42.9,20,20,904.0,954.0,NO,meters,sim_time_units,m/s,meters_WGS84,WGS84_degrees
V09,48,0,Depot,121.550259,29.870000,225.0,C157,121.521253,29.897592,25.0,4156.1,4161.3,1.001,4,3079.65,3461.50,381.85,15.0,10.9,51.9,45.7,10,10,712.0,784.0,NO,meters,sim_time_units,m/s,meters_WGS84,WGS84_degrees
V10,47,0,Depot,121.550259,29.870000,205.0,C098,121.519181,29.898949,25.0,4401.3,4407.6,1.001,4,3067.95,3472.50,404.55,15.0,10.9,50.9,44.3,10,10,629.0,677.0,NO,meters,sim_time_units,m/s,meters_WGS84,WGS84_degrees
V07,46,0,Depot,121.550259,29.870000,235.0,C088,121.518145,29.900758,25.0,4618.1,4623.3,1.001,4,3064.86,3490.27,425.41,15.0,10.9,51.0,43.8,30,30,234.0,316.0,NO,meters,sim_time_units,m/s,meters_WGS84,WGS84_degrees
V03,42,1,C058,121.524879,29.890355,205.0,Depot,121.550259,29.870000,25.0,3338.1,3343.2,1.002,4,3222.62,3525.96,303.34,30.0,11.0,45.2,40.4,0,0,0.0,340282300000000000000000000000000000000.0,YES,meters,sim_time_units,m/s,meters_WGS84,WGS84_degrees
V02,52,0,Depot,121.550259,29.870000,255.0,C059,121.565280,29.887188,25.0,2409.0,2408.0,1.000,4,3323.88,3545.24,221.36,15.0,10.9,45.8,42.2,20,20,952.0,992.0,NO,meters,sim_time_units,m/s,meters_WGS84,WGS84_degrees
V03,53,0,Depot,121.550259,29.870000,215.0,C078,121.546115,29.864572,25.0,748.4,733.8,0.981,4,3525.96,3604.51,78.55,15.0,9.3,40.4,39.1,20,20,173.0,229.0,NO,meters,sim_time_units,m/s,meters_WGS84,WGS84_degrees
V01,51,1,C014,121.565798,29.886284,225.0,Depot,121.550259,29.870000,25.0,2358.6,2360.1,1.001,4,3405.88,3630.57,224.69,30.0,10.5,43.9,40.3,0,0,0.0,340282300000000000000000000000000000000.0,YES,meters,sim_time_units,m/s,meters_WGS84,WGS84_degrees
V03,53,1,C078,121.546115,29.864572,225.0,Depot,121.550259,29.870000,25.0,751.0,733.8,0.977,4,3605.91,3668.46,62.54,30.0,11.7,39.1,38.1,0,0,0.0,340282300000000000000000000000000000000.0,YES,meters,sim_time_units,m/s,meters_WGS84,WGS84_degrees
V06,49,1,C056,121.532130,29.893973,225.0,Depot,121.550259,29.870000,25.0,3193.9,3197.6,1.001,4,3384.54,3676.64,292.11,30.0,10.9,43.9,39.2,0,0,0.0,340282300000000000000000000000000000000.0,YES,meters,sim_time_units,m/s,meters_WGS84,WGS84_degrees
V01,54,0,Depot,121.550259,29.870000,235.0,C039,121.545597,29.865024,25.0,743.1,722.8,0.973,4,3630.57,3688.79,58.22,15.0,12.4,40.3,39.3,20,20,931.0,971.0,NO,meters,sim_time_units,m/s,meters_WGS84,WGS84_degrees
V04,43,1,C185,121.516591,29.892164,195.0,Depot,121.550259,29.870000,25.0,4079.1,4085.6,1.002,4,3328.09,3696.85,368.76,30.0,11.1,50.3,44.3,0,0,0.0,340282300000000000000000000000000000000.0,YES,meters,sim_time_units,m/s,meters_WGS84,WGS84_degrees
V03,55,0,Depot,121.550259,29.870000,235.0,C113,121.548705,29.863215,25.0,797.3,779.2,0.977,4,3668.46,3732.18,63.73,15.0,12.2,38.1,37.1,10,10,15.0,62.0,NO,meters,sim_time_units,m/s,meters_WGS84,WGS84_degrees
V05,44,1,C117,121.517627,29.890355,205.0,Depot,121.550259,29.870000,25.0,3879.9,3885.7,1.002,4,3394.01,3738.99,344.98,30.0,11.3,44.8,39.2,0,0,0.0,340282300000000000000000000000000000000.0,YES,meters,sim_time_units,m/s,meters_WGS84,WGS84_degrees
V08,45,1,C049,121.518663,29.889902,205.0,Depot,121.550259,29.870000,25.0,3769.6,3775.3,1.002,4,3410.10,3745.43,335.33,30.0,11.3,42.9,37.5,0,0,0.0,340282300000000000000000000000000000000.0,YES,meters,sim_time_units,m/s,meters_WGS84,WGS84_degrees
V01,54,1,C039,121.545597,29.865024,245.0,Depot,121.550259,29.870000,25.0,746.0,722.8,0.969,4,3689.99,3749.20,59.21,30.0,12.2,39.3,38.4,0,0,0.0,340282300000000000000000000000000000000.0,YES,meters,sim_time_units,m/s,meters_WGS84,WGS84_degrees
V02,52,1,C059,121.565280,29.887188,265.0,Depot,121.550259,29.870000,25.0,2410.0,2408.0,0.999,4,3547.20,3754.38,207.18,30.0,11.6,42.2,38.8,0,0,0.0,340282300000000000000000000000000000000.0,YES,meters,sim_time_units,m/s,meters_WGS84,WGS84_degrees
V03,55,1,C113,121.548705,29.863215,245.0,Depot,121.550259,29.870000,25.0,800.0,779.2,0.974,4,3733.37,3797.39,64.02,30.0,12.2,37.1,36.1,0,0,0.0,340282300000000000000000000000000000000.0,YES,meters,sim_time_units,m/s,meters_WGS84,WGS84_degrees
V09,48,1,C157,121.521253,29.897592,235.0,Depot,121.550259,29.870000,25.0,4156.6,4161.3,1.001,4,3462.84,3821.34,358.50,30.0,11.6,45.7,40.0,0,0,0.0,340282300000000000000000000000000000000.0,YES,meters,sim_time_units,m/s,meters_WGS84,WGS84_degrees
V06,56,0,Depot,121.550259,29.870000,235.0,C011,121.558546,29.854621,25.0,1899.2,1897.6,0.999,4,3676.64,3828.65,152.00,15.0,12.5,39.2,36.7,20,20,384.0,443.0,NO,meters,sim_time_units,m/s,meters_WGS84,WGS84_degrees
V04,57,0,Depot,121.550259,29.870000,205.0,C006,121.558546,29.855073,25.0,1850.9,1852.1,1.001,4,3696.85,3845.46,148.61,15.0,12.5,44.3,41.9,10,10,478.0,531.0,NO,meters,sim_time_units,m/s,meters_WGS84,WGS84_degrees
V10,47,1,C098,121.519181,29.898949,215.0,Depot,121.550259,29.870000,25.0,4401.7,4407.6,1.001,4,3473.88,3850.19,376.32,30.0,11.7,44.3,38.3,0,0,0.0,340282300000000000000000000000000000000.0,YES,meters,sim_time_units,m/s,meters_WGS84,WGS84_degrees
V05,58,0,Depot,121.550259,29.870000,215.0,C139,121.557510,29.855978,25.0,1719.3,1718.8,1.000,4,3738.99,3877.62,138.64,15.0,12.4,39.2,36.9,20,20,659.0,720.0,NO,meters,sim_time_units,m/s,meters_WGS84,WGS84_degrees
V07,46,1,C088,121.518145,29.900758,245.0,Depot,121.550259,29.870000,25.0,4618.6,4623.3,1.001,4,3491.60,3883.54,391.94,30.0,11.8,43.8,37.5,0,0,0.0,340282300000000000000000000000000000000.0,YES,meters,sim_time_units,m/s,meters_WGS84,WGS84_degrees
V08,59,0,Depot,121.550259,29.870000,215.0,C116,121.562172,29.854621,25.0,2068.9,2070.1,1.001,4,3745.43,3911.68,166.25,15.0,12.5,37.5,34.8,20,20,98.0,166.0,NO,meters,sim_time_units,m/s,meters_WGS84,WGS84_degrees
V02,61,0,Depot,121.550259,29.870000,275.0,C129,121.559582,29.854169,25.0,1992.4,1986.7,0.997,4,3754.38,3912.86,158.48,15.0,12.5,38.8,36.2,20,20,285.0,358.0,NO,meters,sim_time_units,m/s,meters_WGS84,WGS84_degrees
V01,60,0,Depot,121.550259,29.870000,255.0,C012,121.563208,29.854169,25.0,2170.5,2168.3,0.999,4,3749.20,3922.23,173.03,15.0,12.5,38.4,35.6,10,10,196.0,252.0,NO,meters,sim_time_units,m/s,meters_WGS84,WGS84_degrees
V03,62,0,Depot,121.550259,29.870000,255.0,C122,121.557510,29.854621,25.0,1861.8,1857.5,0.998,4,3797.39,3945.29,147.90,15.0,12.6,36.1,33.7,10,10,568.0,626.0,NO,meters,sim_time_units,m/s,meters_WGS84,WGS84_degrees
V06,56,1,C011,121.558546,29.854621,245.0,Depot,121.550259,29.870000,25.0,1900.4,1897.6,0.999,4,3829.78,3979.76,149.98,30.0,12.7,36.7,34.3,0,0,0.0,340282300000000000000000000000000000000.0,YES,meters,sim_time_units,m/s,meters_WGS84,WGS84_degrees
V04,57,1,C006,121.558546,29.855073,215.0,Depot,121.550259,29.870000,25.0,1851.9,1852.1,1.000,4,3846.65,3992.81,146.16,30.0,12.7,41.9,39.6,0,0,0.0,340282300000000000000000000000000000000.0,YES,meters,sim_time_units,m/s,meters_WGS84,WGS84_degrees
V05,58,1,C139,121.557510,29.855978,225.0,Depot,121.550259,29.870000,25.0,1720.5,1718.8,0.999,4,3878.85,4014.19,135.34,30.0,12.7,36.9,34.8,0,0,0.0,340282300000000000000000000000000000000.0,YES,meters,sim_time_units,m/s,meters_WGS84,WGS84_degrees
V09,63,0,Depot,121.550259,29.870000,245.0,C055,121.527469,29.885831,25.0,2824.1,2825.5,1.001,4,3821.34,4044.23,222.90,15.0,12.7,40.0,36.1,40,40,115.0,179.0,NO,meters,sim_time_units,m/s,meters_WGS84,WGS84_degrees
V10,64,0,Depot,121.550259,29.870000,225.0,C066,121.564244,29.851002,25.0,2514.2,2516.2,1.001,4,3850.19,4047.80,197.61,15.0,12.7,38.3,35.0,20,20,110.0,170.0,NO,meters,sim_time_units,m/s,meters_WGS84,WGS84_degrees
V02,61,1,C129,121.559582,29.854169,285.0,Depot,121.550259,29.870000,25.0,1993.7,1986.7,0.996,4,3914.02,4070.26,156.24,30.0,12.7,36.2,33.7,0,0,0.0,340282300000000000000000000000000000000.0,YES,meters,sim_time_units,m/s,meters_WGS84,WGS84_degrees
V08,59,1,C116,121.562172,29.854621,225.0,Depot,121.550259,29.870000,25.0,2069.8,2070.1,1.000,4,3912.86,4076.44,163.58,30.0,12.7,34.8,32.2,0,0,0.0,340282300000000000000000000000000000000.0,YES,meters,sim_time_units,m/s,meters_WGS84,WGS84_degrees
V03,62,1,C122,121.557510,29.854621,265.0,Depot,121.550259,29.870000,25.0,1863.0,1857.5,0.997,4,3946.48,4093.16,146.68,30.0,12.7,33.7,31.3,0,0,0.0,340282300000000000000000000000000000000.0,YES,meters,sim_time_units,m/s,meters_WGS84,WGS84_degrees
V01,60,1,C012,121.563208,29.854169,265.0,Depot,121.550259,29.870000,25.0,2171.6,2168.3,0.998,4,3923.40,4094.40,171.00,30.0,12.7,35.6,32.8,0,0,0.0,340282300000000000000000000000000000000.0,YES,meters,sim_time_units,m/s,meters_WGS84,WGS84_degrees
V04,67,0,Depot,121.550259,29.870000,225.0,C020,121.567352,29.869548,25.0,1661.0,1658.9,0.999,4,3992.81,4127.22,134.41,15.0,12.3,39.6,37.4,30,30,33.0,93.0,NO,meters,sim_time_units,m/s,meters_WGS84,WGS84_degrees
V07,65,0,Depot,121.550259,29.870000,255.0,C200,121.581855,29.852359,25.0,3631.0,3633.7,1.001,4,3883.54,4172.52,288.98,15.0,12.6,37.5,32.7,20,20,604.0,657.0,NO,meters,sim_time_units,m/s,meters_WGS84,WGS84_degrees
V10,64,1,C066,121.564244,29.851002,235.0,Depot,121.550259,29.870000,25.0,2515.0,2516.2,1.000,4,4049.03,4253.17,204.15,30.0,12.3,35.0,31.7,0,0,0.0,340282300000000000000000000000000000000.0,YES,meters,sim_time_units,m/s,meters_WGS84,WGS84_degrees
V04,67,1,C020,121.567352,29.869548,235.0,Depot,121.550259,29.870000,25.0,1662.2,1658.9,0.998,4,4128.46,4265.59,137.12,30.0,12.1,37.4,35.2,0,0,0.0,340282300000000000000000000000000000000.0,YES,meters,sim_time_units,m/s,meters_WGS84,WGS84_degrees
V09,63,1,C055,121.527469,29.885831,255.0,Depot,121.550259,29.870000,25.0,2824.9,2825.5,1.000,4,4045.36,4276.04,230.68,30.0,12.2,36.1,32.4,0,0,0.0,340282300000000000000000000000000000000.0,YES,meters,sim_time_units,m/s,meters_WGS84,WGS84_degrees
V05,68,0,Depot,121.550259,29.870000,235.0,C023,121.573567,29.898949,25.0,3931.3,3935.7,1.001,4,4014.19,4331.84,317.66,15.0,12.4,34.8,29.4,30,30,140.0,199.0,NO,meters,sim_time_units,m/s,meters_WGS84,WGS84_degrees
V06,66,0,Depot,121.550259,29.870000,255.0,C003,121.519181,29.900306,25.0,4515.1,4519.2,1.001,4,3979.76,4343.20,363.44,15.0,12.4,34.3,28.1,30,30,147.0,219.0,NO,meters,sim_time_units,m/s,meters_WGS84,WGS84_degrees
V02,69,0,Depot,121.550259,29.870000,295.0,C038,121.536274,29.899401,25.0,3546.7,3546.4,1.000,4,4070.26,4357.80,287.54,15.0,12.3,33.7,29.0,10,10,215.0,293.0,NO,meters,sim_time_units,m/s,meters_WGS84,WGS84_degrees
V08,70,0,Depot,121.550259,29.870000,235.0,C150,121.535756,29.899853,25.0,3608.1,3612.0,1.001,4,4076.44,4368.54,292.10,15.0,12.4,32.2,27.4,10,10,310.0,381.0,NO,meters,sim_time_units,m/s,meters_WGS84,WGS84_degrees
V01,72,0,Depot,121.550259,29.870000,275.0,C103,121.579783,29.851002,25.0,3554.0,3555.2,1.000,4,4094.40,4382.76,288.36,15.0,12.3,32.8,28.0,30,30,128.0,195.0,NO,meters,sim_time_units,m/s,meters_WGS84,WGS84_degrees
V03,71,0,Depot,121.550259,29.870000,275.0,C022,121.536274,29.901663,25.0,3778.3,3780.1,1.000,4,4093.16,4398.17,305.01,15.0,12.4,31.3,26.3,10,10,410.0,470.0,NO,meters,sim_time_units,m/s,meters_WGS84,WGS84_degrees
V10,73,0,Depot,121.550259,29.870000,245.0,C164,121.564244,29.851455,25.0,2473.8,2474.0,1.000,4,4253.17,4452.85,199.68,15.0,12.4,31.7,28.4,30,30,49.0,119.0,NO,meters,sim_time_units,m/s,meters_WGS84,WGS84_degrees
V07,65,1,C200,121.581855,29.852359,265.0,Depot,121.550259,29.870000,25.0,3631.6,3633.7,1.001,4,4173.74,4465.86,292.11,30.0,12.4,32.7,28.0,0,0,0.0,340282300000000000000000000000000000000.0,YES,meters,sim_time_units,m/s,meters_WGS84,WGS84_degrees
V09,75,0,Depot,121.550259,29.870000,265.0,C005,121.526951,29.850098,25.0,3163.4,3164.3,1.000,4,4276.04,4527.66,251.62,15.0,12.6,32.4,28.3,20,20,128.0,179.0,NO,meters,sim_time_units,m/s,meters_WGS84,WGS84_degrees
V04,74,0,Depot,121.550259,29.870000,245.0,C171,121.583927,29.841051,25.0,4577.3,4582.0,1.001,4,4265.59,4628.88,363.30,15.0,12.6,35.2,29.0,30,30,153.0,210.0,NO,meters,sim_time_units,m/s,meters_WGS84,WGS84_degrees
V02,69,1,C038,121.536274,29.899401,305.0,Depot,121.550259,29.870000,25.0,3547.4,3546.4,1.000,4,4359.03,4639.62,280.59,30.0,12.6,29.0,24.5,0,0,0.0,340282300000000000000000000000000000000.0,YES,meters,sim_time_units,m/s,meters_WGS84,WGS84_degrees
V05,68,1,C023,121.573567,29.898949,245.0,Depot,121.550259,29.870000,25.0,3931.9,3935.7,1.001,4,4333.05,4644.77,311.72,30.0,12.6,29.4,24.4,0,0,0.0,340282300000000000000000000000000000000.0,YES,meters,sim_time_units,m/s,meters_WGS84,WGS84_degrees
V10,73,1,C164,121.564244,29.851455,255.0,Depot,121.550259,29.870000,25.0,2474.7,2474.0,1.000,4,4454.04,4650.70,196.66,30.0,12.6,28.4,25.2,0,0,0.0,340282300000000000000000000000000000000.0,YES,meters,sim_time_units,m/s,meters_WGS84,WGS84_degrees
V08,70,1,C150,121.535756,29.899853,245.0,Depot,121.550259,29.870000,25.0,3608.7,3612.0,1.001,4,4369.75,4656.24,286.49,30.0,12.6,27.4,22.8,0,0,0.0,340282300000000000000000000000000000000.0,YES,meters,sim_time_units,m/s,meters_WGS84,WGS84_degrees
V01,72,1,C103,121.579783,29.851002,285.0,Depot,121.550259,29.870000,25.0,3554.7,3555.2,1.000,4,4383.97,4667.46,283.50,30.0,12.5,28.0,23.4,0,0,0.0,340282300000000000000000000000000000000.0,YES,meters,sim_time_units,m/s,meters_WGS84,WGS84_degrees
V03,71,1,C022,121.536274,29.901663,285.0,Depot,121.550259,29.870000,25.0,3779.0,3780.1,1.000,4,4399.40,4700.13,300.73,30.0,12.6,26.3,21.5,0,0,0.0,340282300000000000000000000000000000000.0,YES,meters,sim_time_units,m/s,meters_WGS84,WGS84_degrees
V06,66,1,C003,121.519181,29.900306,265.0,Depot,121.550259,29.870000,25.0,4515.6,4519.2,1.001,4,4344.52,4705.28,360.77,30.0,12.5,28.1,22.3,0,0,0.0,340282300000000000000000000000000000000.0,YES,meters,sim_time_units,m/s,meters_WGS84,WGS84_degrees
V10,79,0,Depot,121.550259,29.870000,265.0,C062,121.552331,29.880403,25.0,1198.2,1183.9,0.988,4,4650.70,4750.32,99.62,15.0,11.9,25.2,23.6,20,20,23.0,66.0,NO,meters,sim_time_units,m/s,meters_WGS84,WGS84_degrees
V07,76,0,Depot,121.550259,29.870000,275.0,C021,121.570460,29.897592,25.0,3642.6,3644.0,1.000,4,4465.86,4757.19,291.33,15.0,12.5,28.0,23.2,20,20,72.0,141.0,NO,meters,sim_time_units,m/s,meters_WGS84,WGS84_degrees
V02,77,0,Depot,121.550259,29.870000,315.0,C030,121.557510,29.883117,25.0,1643.3,1627.5,0.990,4,4639.62,4773.09,133.48,15.0,12.2,24.5,22.3,20,20,32.0,102.0,NO,meters,sim_time_units,m/s,meters_WGS84,WGS84_degrees
V09,75,1,C005,121.526951,29.850098,275.0,Depot,121.550259,29.870000,25.0,3164.2,3164.3,1.000,4,4528.81,4783.20,254.38,30.0,12.4,28.3,24.2,0,0,0.0,340282300000000000000000000000000000000.0,YES,meters,sim_time_units,m/s,meters_WGS84,WGS84_degrees
V01,81,0,Depot,121.550259,29.870000,295.0,C073,121.559064,29.855978,25.0,1795.8,1785.4,0.994,4,4667.46,4811.49,144.02,15.0,12.4,23.4,21.1,20,20,35.0,92.0,NO,meters,sim_time_units,m/s,meters_WGS84,WGS84_degrees
V10,79,1,C062,121.552331,29.880403,275.0,Depot,121.550259,29.870000,25.0,1200.3,1183.9,0.986,4,4751.50,4845.01,93.50,30.0,12.7,23.6,22.1,0,0,0.0,340282300000000000000000000000000000000.0,YES,meters,sim_time_units,m/s,meters_WGS84,WGS84_degrees
V02,77,1,C030,121.557510,29.883117,325.0,Depot,121.550259,29.870000,25.0,1645.1,1627.5,0.989,4,4774.26,4901.35,127.09,30.0,12.8,22.3,20.3,0,0,0.0,340282300000000000000000000000000000000.0,YES,meters,sim_time_units,m/s,meters_WGS84,WGS84_degrees
V06,83,0,Depot,121.550259,29.870000,275.0,C118,121.524879,29.858240,25.0,2786.1,2784.9,1.000,4,4705.28,4923.87,218.59,15.0,12.7,22.3,18.7,20,20,115.0,180.0,NO,meters,sim_time_units,m/s,meters_WGS84,WGS84_degrees
V01,81,1,C073,121.559064,29.855978,305.0,Depot,121.550259,29.870000,25.0,1797.3,1785.4,0.993,4,4812.65,4951.06,138.40,30.0,12.9,21.1,18.9,0,0,0.0,340282300000000000000000000000000000000.0,YES,meters,sim_time_units,m/s,meters_WGS84,WGS84_degrees
V05,78,0,Depot,121.550259,29.870000,255.0,C060,121.514520,29.853716,25.0,3899.9,3903.1,1.001,4,4644.77,4952.23,307.46,15.0,12.7,24.4,19.3,20,20,77.0,132.0,NO,meters,sim_time_units,m/s,meters_WGS84,WGS84_degrees
V04,74,1,C171,121.583927,29.841051,255.0,Depot,121.550259,29.870000,25.0,4577.8,4582.0,1.001,4,4630.05,4989.82,359.76,30.0,12.7,29.0,23.3,0,0,0.0,340282300000000000000000000000000000000.0,YES,meters,sim_time_units,m/s,meters_WGS84,WGS84_degrees
V03,82,0,Depot,121.550259,29.870000,295.0,C104,121.518145,29.892164,25.0,3966.5,3967.3,1.000,4,4700.13,5008.49,308.36,15.0,12.9,21.5,16.4,20,20,142.0,197.0,NO,meters,sim_time_units,m/s,meters_WGS84,WGS84_degrees
V08,80,0,Depot,121.550259,29.870000,255.0,C065,121.583927,29.839694,25.0,4685.2,4689.5,1.001,4,4656.24,5024.63,368.38,15.0,12.7,22.8,16.7,20,20,250.0,300.0,NO,meters,sim_time_units,m/s,meters_WGS84,WGS84_degrees
V07,76,1,C021,121.570460,29.897592,285.0,Depot,121.550259,29.870000,25.0,3643.3,3644.0,1.000,4,4758.29,5041.11,282.81,30.0,12.9,23.2,18.7,0,0,0.0,340282300000000000000000000000000000000.0,YES,meters,sim_time_units,m/s,meters_WGS84,WGS84_degrees
V09,84,0,Depot,121.550259,29.870000,285.0,C134,121.575639,29.889902,25.0,3309.5,3309.3,1.000,4,4783.20,5041.11,257.91,15.0,12.8,24.2,19.9,20,20,128.0,185.0,NO,meters,sim_time_units,m/s,meters_WGS84,WGS84_degrees
V10,85,0,Depot,121.550259,29.870000,285.0,C148,121.579783,29.851455,25.0,3525.0,3525.4,1.000,4,4845.01,5121.53,276.53,15.0,12.7,22.1,17.5,20,20,70.0,141.0,NO,meters,sim_time_units,m/s,meters_WGS84,WGS84_degrees
V06,83,1,C118,121.524879,29.858240,285.0,Depot,121.550259,29.870000,25.0,2787.0,2784.9,0.999,4,4924.99,5146.42,221.44,30.0,12.6,18.7,15.2,0,0,0.0,340282300000000000000000000000000000000.0,YES,meters,sim_time_units,m/s,meters_WGS84,WGS84_degrees
V01,87,0,Depot,121.550259,29.870000,315.0,C190,121.528505,29.853264,25.0,2819.2,2814.3,0.998,4,4951.06,5175.75,224.70,15.0,12.5,18.9,15.1,20,20,55.0,128.0,NO,meters,sim_time_units,m/s,meters_WGS84,WGS84_degrees
V02,86,0,Depot,121.550259,29.870000,335.0,C159,121.534720,29.898044,25.0,3473.4,3469.6,0.999,4,4901.35,5175.75,274.40,15.0,12.6,20.3,15.8,20,20,137.0,182.0,NO,meters,sim_time_units,m/s,meters_WGS84,WGS84_degrees
V07,89,0,Depot,121.550259,29.870000,295.0,C057,121.524879,29.860049,25.0,2699.4,2695.9,0.999,4,5041.11,5254.83,213.72,15.0,12.6,18.7,15.2,10,10,53.0,123.0,NO,meters,sim_time_units,m/s,meters_WGS84,WGS84_degrees
V05,78,1,C060,121.514520,29.853716,265.0,Depot,121.550259,29.870000,25.0,3900.5,3903.1,1.001,4,4953.59,5261.99,308.40,30.0,12.7,19.3,14.4,0,0,0.0,340282300000000000000000000000000000000.0,YES,meters,sim_time_units,m/s,meters_WGS84,WGS84_degrees
V09,84,1,C134,121.575639,29.889902,295.0,Depot,121.550259,29.870000,25.0,3310.3,3309.3,1.000,4,5042.28,5304.08,261.80,30.0,12.6,19.9,15.7,0,0,0.0,340282300000000000000000000000000000000.0,YES,meters,sim_time_units,m/s,meters_WGS84,WGS84_degrees
V03,82,1,C104,121.518145,29.892164,305.0,Depot,121.550259,29.870000,25.0,3967.2,3967.3,1.000,4,5009.61,5325.64,316.03,30.0,12.6,16.4,11.3,0,0,0.0,340282300000000000000000000000000000000.0,YES,meters,sim_time_units,m/s,meters_WGS84,WGS84_degrees
V04,88,0,Depot,121.550259,29.870000,265.0,C032,121.580819,29.842408,25.0,4261.0,4264.2,1.001,4,4989.82,5329.36,339.54,15.0,12.6,23.3,17.7,10,10,84.0,147.0,NO,meters,sim_time_units,m/s,meters_WGS84,WGS84_degrees
V08,80,1,C065,121.583927,29.839694,265.0,Depot,121.550259,29.870000,25.0,4685.7,4689.5,1.001,4,5025.79,5395.64,369.85,30.0,12.7,16.7,10.7,0,0,0.0,340282300000000000000000000000000000000.0,YES,meters,sim_time_units,m/s,meters_WGS84,WGS84_degrees
V01,87,1,C190,121.528505,29.853264,325.0,Depot,121.550259,29.870000,25.0,2820.3,2814.3,0.998,4,5176.99,5398.14,221.15,30.0,12.7,15.1,11.6,0,0,0.0,340282300000000000000000000000000000000.0,YES,meters,sim_time_units,m/s,meters_WGS84,WGS84_degrees
V10,85,1,C148,121.579783,29.851455,295.0,Depot,121.550259,29.870000,25.0,3525.8,3525.4,1.000,4,5122.68,5401.82,279.14,30.0,12.6,17.5,13.0,0,0,0.0,340282300000000000000000000000000000000.0,YES,meters,sim_time_units,m/s,meters_WGS84,WGS84_degrees
V09,92,0,Depot,121.550259,29.870000,305.0,C101,121.532130,29.872714,25.0,1795.8,1783.9,0.993,4,5304.08,5456.74,152.66,15.0,11.7,15.7,13.3,10,10,35.0,91.0,NO,meters,sim_time_units,m/s,meters_WGS84,WGS84_degrees
V02,86,1,C159,121.534720,29.898044,345.0,Depot,121.550259,29.870000,25.0,3474.3,3469.6,0.999,4,5176.99,5460.31,283.32,30.0,12.2,15.8,11.2,0,0,0.0,340282300000000000000000000000000000000.0,YES,meters,sim_time_units,m/s,meters_WGS84,WGS84_degrees
V06,90,0,Depot,121.550259,29.870000,295.0,C082,121.515037,29.851002,25.0,4008.9,4009.8,1.000,4,5146.42,5473.48,327.06,15.0,12.3,15.2,9.8,10,10,148.0,199.0,NO,meters,sim_time_units,m/s,meters_WGS84,WGS84_degrees
V05,91,0,Depot,121.550259,29.870000,275.0,C093,121.528505,29.883117,25.0,2567.0,2564.8,0.999,4,5261.99,5477.01,215.02,15.0,11.9,14.4,10.9,10,10,51.0,93.0,NO,meters,sim_time_units,m/s,meters_WGS84,WGS84_degrees
V07,89,1,C057,121.524879,29.860049,305.0,Depot,121.550259,29.870000,25.0,2700.4,2695.9,0.998,4,5256.00,5482.08,226.08,30.0,11.9,15.2,11.6,0,0,0.0,340282300000000000000000000000000000000.0,YES,meters,sim_time_units,m/s,meters_WGS84,WGS84_degrees
V08,94,0,Depot,121.550259,29.870000,275.0,C133,121.565280,29.881760,25.0,1967.3,1961.3,0.997,4,5395.64,5561.31,165.68,15.0,11.8,10.7,8.1,10,10,38.0,93.0,NO,meters,sim_time_units,m/s,meters_WGS84,WGS84_degrees
V03,93,0,Depot,121.550259,29.870000,315.0,C114,121.534202,29.896235,25.0,3315.2,3312.5,0.999,4,5325.64,5594.47,268.84,15.0,12.3,11.3,7.0,10,10,65.0,133.0,NO,meters,sim_time_units,m/s,meters_WGS84,WGS84_degrees
V09,92,1,C101,121.532130,29.872714,315.0,Depot,121.550259,29.870000,25.0,1797.4,1783.9,0.992,4,5457.92,5598.11,140.19,30.0,12.7,13.3,11.0,0,0,0.0,340282300000000000000000000000000000000.0,YES,meters,sim_time_units,m/s,meters_WGS84,WGS84_degrees
V10,96,0,Depot,121.550259,29.870000,305.0,C170,121.575121,29.889902,25.0,3274.4,3272.4,0.999,4,5401.82,5665.30,263.48,15.0,12.4,13.0,8.7,10,10,65.0,126.0,NO,meters,sim_time_units,m/s,meters_WGS84,WGS84_degrees
V04,88,1,C032,121.580819,29.842408,275.0,Depot,121.550259,29.870000,25.0,4261.6,4264.2,1.001,4,5330.48,5671.09,340.61,30.0,12.5,17.7,12.2,0,0,0.0,340282300000000000000000000000000000000.0,YES,meters,sim_time_units,m/s,meters_WGS84,WGS84_degrees
V05,91,1,C093,121.528505,29.883117,285.0,Depot,121.550259,29.870000,25.0,2568.0,2564.8,0.999,4,5478.26,5675.82,197.56,30.0,13.0,10.9,7.7,0,0,0.0,340282300000000000000000000000000000000.0,YES,meters,sim_time_units,m/s,meters_WGS84,WGS84_degrees
V01,95,0,Depot,121.550259,29.870000,335.0,C161,121.519181,29.891712,25.0,3860.4,3857.9,0.999,4,5398.14,5705.46,307.31,15.0,12.6,11.6,6.6,10,10,76.0,144.0,NO,meters,sim_time_units,m/s,meters_WGS84,WGS84_degrees
V08,94,1,C133,121.565280,29.881760,285.0,Depot,121.550259,29.870000,25.0,1968.6,1961.3,0.996,4,5562.50,5712.09,149.58,30.0,13.1,8.1,5.7,0,0,0.0,340282300000000000000000000000000000000.0,YES,meters,sim_time_units,m/s,meters_WGS84,WGS84_degrees
V06,90,1,C082,121.515037,29.851002,305.0,Depot,121.550259,29.870000,25.0,4009.6,4009.8,1.000,4,5474.68,5781.38,306.69,30.0,13.1,9.8,4.9,0,0,0.0,340282300000000000000000000000000000000.0,YES,meters,sim_time_units,m/s,meters_WGS84,WGS84_degrees
V02,97,0,Depot,121.550259,29.870000,355.0,C177,121.522289,29.900758,25.0,4367.8,4365.3,0.999,4,5460.31,5795.88,335.57,15.0,13.0,11.2,5.7,10,10,86.0,142.0,NO,meters,sim_time_units,m/s,meters_WGS84,WGS84_degrees
V03,93,1,C114,121.534202,29.896235,325.0,Depot,121.550259,29.870000,25.0,3316.1,3312.5,0.999,4,5595.63,5850.51,254.88,30.0,13.0,7.0,2.9,0,0,0.0,340282300000000000000000000000000000000.0,YES,meters,sim_time_units,m/s,meters_WGS84,WGS84_degrees
V10,96,1,C170,121.575121,29.889902,315.0,Depot,121.550259,29.870000,25.0,3275.3,3272.4,0.999,4,5666.42,5922.31,255.89,30.0,12.8,8.7,4.6,0,0,0.0,340282300000000000000000000000000000000.0,YES,meters,sim_time_units,m/s,meters_WGS84,WGS84_degrees
V01,95,1,C161,121.519181,29.891712,345.0,Depot,121.550259,29.870000,25.0,3861.2,3857.9,0.999,4,5706.54,6011.12,304.58,30.0,12.7,6.6,1.7,0,0,0.0,340282300000000000000000000000000000000.0,YES,meters,sim_time_units,m/s,meters_WGS84,WGS84_degrees
V02,97,1,C177,121.522289,29.900758,365.0,Depot,121.550259,29.870000,25.0,4368.6,4365.3,0.999,4,5797.10,6148.33,351.24,30.0,12.4,5.7,0.1,0,0,0.0,340282300000000000000000000000000000000.0,YES,meters,sim_time_units,m/s,meters_WGS84,WGS84_degrees
